Product,Product Type Extension,Vendor,Effective,Remarks
"",period,,Date,
Apple Juice (canned),Beverages 18 months,N/A,6/1/97,
Apples & Applesauce,Fruit 24 months,N/A,6/1/97,
(canned),,,,
Apricots (canned),Fruit 24 months,N/A,6/1/97,
Baby cereal Del Monte,Baby food 30 days,Del Monte,6/9/04,Del Monte only
(oatmeal based),,,,
Baby cereal Del Monte,Baby food 60 days,Del Monte,6/9/04,Del Monte only
(rice based),,,,
Baby food (jarred)Del,Baby food 0 days,Del Monte,4/14/04,Del Monte only
Monte,,,,
Bacon(frozen),Meats indefinitely,N/A,12/23/03,Until product appears bad
Bacon Bits (imitation),Condiments 4 months,N/A,12/23/03,
"Bacon Oscar Meyer, Louis",Meats 60 days,Kraft,3/1/03,Kraft products only
Rich,,,,
Bagels (frozen),Breads & Cereal 2 months,N/A,12/23/03,
"Bakers, Calumet,",Baking 60 days,Kraft,3/1/03,Kraft products only
"Certo,Everfresh Kraft",Ingredients,,,
Bakery Mix Biscuit type,Breads & Cereal 12 months,N/A,6/1/97,
Baking Powder,Baking 6 months,N/A,12/23/03,
"",Ingredients,,,
BBQ sauce,Condiments 12 months,N/A,12/23/03,
Beans (canned),Vegetables 5 years,N/A,12/23/03,
"Beans, dried",Legumes 12 months,N/A,12/23/03,
Beans-canned (all types),Legumes 36 months,N/A,6/1/97,
Beans-dry (all types),Legumes 12 months,N/A,6/1/97,
Beans-vegetarian canned,Legumes 24 months,N/A,6/1/97,
Beef (canned),Meats 36 months,N/A,6/1/97,
Beef (frozen),Meats indefinitely,N/A,12/23/03,Until product appears bad
Beef patties (frozen),Meats indefinitely,N/A,6/1/97,Until product appears bad
Beef roast (frozen),Meats indefinitely,N/A,6/1/97,Until product appears bad
Beef-ground (frozen),Meats indefinitely,N/A,6/1/97,Until product appears bad
Biscuit or pancake mix,Baking 15 months,N/A,12/23/03,
"",Ingredients,,,
Blackberries/Blueberries,Fruit 18 months,N/A,6/1/97,
(Frozen),,,,
Bread dough (frozen),Breads & Cereal 0 days,N/A,12/23/03,
Bread mixes,Baking 18 months,N/A,12/23/03,
"",Ingredients,,,
Breakfast drink (shelf,Dairy 6 months,N/A,5/26/05,Website info
stable dairy product),,,,
"Butter & Margarine(Fleischmann's BlueBonnet & Parkay)",Butter & Margarine
(Fleischmann's Blue,
Bonnet & Parkay),
"Butter & Margarine,flavored spreads",Butter & Margarine
flavored spread,
Capri Sun Kraft,Capri Sun Kraft
"Cereal (2 lb or greaterplastic bags) Kellogg",Cereal (2 lb or greate
plastic bags) Kellog,
"Cereal (family-sized)Kellogg",Cereal (family-sized)
Kellog,
"Cereal (small boxes (2.0oz or less)) Kellogg",Cereal (small boxes (2.
oz or less)) Kellog,
Product,Product,Product Type,"Extensionperiod",Vendor,"EffectiveDate",Remarks,
"",Burritos (frozen),,Entrees,2 months,N/A,12/23/03,Until product appears bad
"",Butter,,Dairy,3 months,N/A,12/23/03,9 months frozen
"Butter & Margarine(Fleischmann's BlueBonnet & Parkay)",Butter & Margarine,Dairy,30 days,Nabisco,4/13/04,Nabisco only,
"",(Fleischmann's Blue,,,,,,
"",Bonnet & Parkay),,,,,,
"Butter & Margarine,flavored spreads",Butter & Margarine,Dairy,60 days,"Land O'Lakes",3/1/03,Land O'Lakes only,
"",flavored spread,,,,,,
Cakes & brownie mixes,Cakes & brownie mixe,"BakingIngredients",18 months,N/A,12/23/03,,
"",Cappucino  Kraft,,Beverages,60 days,Kraft,3/1/03,Kraft products only
Capri Sun Kraft,Capri Sun Kraft,Beverages,"18 days (drymix) 60 days(bottles orpouches)",Kraft,3/1/03,Kraft products only,
"",Carmel Corn w/ nut,,Snacks,90 days,N/A,4/25/05,Website info
"",Carrots (canned),,Vegetables,5 years,N/A,12/23/03,
"",Carrots (canned),,Vegetables,30 months,N/A,6/1/97,
"",Catsup,,Condiments,18 months,N/A,6/1/97,
"",Cereal - All type,,Breads & Cereal,12 months,N/A,6/1/97,
"Cereal (2 lb or greaterplastic bags) Kellogg",Cereal (2 lb or greate,Breads & Cereal,15 months,Kellogg's,3/7/03,"Good for 15 months frommanufacture date.",
"",plastic bags) Kellog,,,,,,
"Cereal (family-sized)Kellogg",Cereal (family-sized),Breads & Cereal,90 days,Kellogg's,3/7/03,Kellogg only,
"",Kellog,,,,,,
"Cereal (small boxes (2.0oz or less)) Kellogg",Cereal (small boxes (2.,Breads & Cereal,12 months,Kellogg's,3/7/03,"Good for 12 months frommanufacture date.",
"",oz or less)) Kellog,,,,,,
"","Cereal, cook before eating",,Breads & Cereal,12 months,N/A,12/23/03,
"","Cereal, ready-to-eat",,Breads & Cereal,12 months,N/A,12/23/03,
"",Cereals (Post brand),,Breads & Cereal,60 days,Kraft,3/1/03,Kraft products only
"Cheese (American,Cheddar, Mozzarella)",Cheese (American,Dairy,12 months,N/A,6/1/97,,
"","Cheddar, Mozzarella)",,,,,,
"",Cheese (hard),,Dairy,6 months,N/A,12/23/03,
"Cheese (Natural &Processed",Cheese (Natural &,Dairy,45 days,"Land O'Lakes",3/1/03,Land O'Lakes only,
"",Processed,,,,,,
"",Cheese- cottage,,Dairy,1 week,N/A,12/23/03,
"",Cheese- Grated (Kraft),,Dairy,60 days,Kraft,3/1/03,Kraft Cheese products only
"Cheese Sauces #10 cans& 9 oz cans",Cheese Sauces #10 can,Dairy,12 months,"Land O'Lakes",3/1/03,Land O'Lakes only,
"",& 9 oz can,,,,,,
"","Cheese- sliced, & Polli",,Dairy,30 days,Kraft,3/1/03,Kraft Cheese products only
"",Cheese Whiz Kraft,,Dairy,60 days,Kraft,3/1/03,Kraft Cheese products only
"",Cheesecake (KraftO,,Dairy,60 days,Kraft,3/1/03,Kraft Cheese products only
"",Cherries (frozen),,Fruit,24 months,N/A,6/1/97,
"",Chicken (canned),,Meats,2-5 years,N/A,12/23/03,
Cakes & brownie mixes,Cakes & brownie mixe
"Cheese (American,Cheddar, Mozzarella)",Cheese (American
"Cheddar, Mozzarella)",
"Cheese (Natural &Processed",Cheese (Natural &
Processed,
"Cheese Sauces #10 cans& 9 oz cans",Cheese Sauces #10 can
& 9 oz can,
Chocolate,Chocolate
Product,Product,Product Type,"Extensionperiod",Vendor,"EffectiveDate",Remarks,
"",Chicken- fried (frozen),,Meats,indefinitely,N/A,12/23/03,Until product appears bad
"",Chicken- ground (frozen),,Meats,indefinitely,N/A,12/23/03,Until product appears bad
"",Chicken nuggets (frozen),,Meats,indefinitely,N/A,12/23/03,Until product appears bad
"",Chicken parts (frozen),,Meats,indefinitely,N/A,6/1/97,Until product appears bad
"",Chicken- parts (frozen),,Meats,indefinitely,N/A,12/23/03,Until product appears bad
"",Chicken thighs (frozen),,Meats,indefinitely,N/A,6/1/97,Until product appears bad
"",Chicken- whole (frozen),,Meats,indefinitely,N/A,12/23/03,Until product appears bad
"",Chicken-Cut up (frozen),,Meats,indefinitely,N/A,6/1/97,Until product appears bad
"",Chicken-diced (frozen),,Meats,indefinitely,N/A,6/1/97,Until product appears bad
"",Chili Sauce,,Condiments,12 months,N/A,12/23/03,
Chocolate,Chocolate,Candy,18-24 months,N/A,12/23/03,,
"",Chocolate syrup,,Desserts,24 months,N/A,12/23/03,
"Citrus products (guava,kiwi-strawberry) OceanSpray",Citrus products (guava,Beverages,30 days,Ocean Spray,3/1/03,Ocean Spray only,
"",kiwi-strawberry) Ocea,,,,,,
"",Spra,,,,,,
"",Cocktail sauce,,Condiments,12 months,N/A,12/23/03,
"",Cocoa & cocoa mixe,,Desserts,indefinitely,N/A,12/23/03,
"",Coffee (ground in cans),,Beverages,24 months,N/A,12/23/03,
"",Coffee (instant),,Beverages,12 months,N/A,12/23/03,
Coffee (starbucks) Kraft,Coffee (starbucks) Kraft,Beverages,365,Kraft,3/1/03,"Kraft products only - onsiteonly",
"Coffee Creamer(liquid/non-dairy",Coffee Creamer,Beverages,9 months,N/A,5/26/05,Non-dairy only,
"",(liquid/non-dair,,,,,,
"Coffee Kraft brands   (seeremarks)",Coffee Kraft brands   (see,Beverages,180 days,Kraft,3/1/03,"Kraft brands (Burlaps, Gen.Foods, Hotel & Rest., Jedi,Maxwell House, Origins, Sanka,Office Coffee Systems)",
"",remarks),,,,,,
"",Cooked fish (frozen),,Seafood,6 months,N/A,12/23/03,
"",Cookie,,Snacks,8 months,,,
"",Cookies (Bakery type),,snacks,2 months,N/A,12/23/03,
"",Cookies Keebler,,Snacks,4 months,Keebler,3/7/03,Keebler only
Cooking oil,Cooking oi,"BakingIngredients",6 months,N/A,12/23/03,,
Cooking oil- spray,Cooking oil- spra,"BakingIngredients",2 years,N/A,12/23/03,,
"",Corn (canned),,Vegetables,5 years,N/A,12/23/03,
"",Corn (cream),,Vegetables,36 months,N/A,6/1/97,
"Corn Flake Crumbs &Croutettes  Kellogg",Corn Flake Crumbs,Breads & Cereal,27 months,Kellogg's,3/7/03,"Good for 27 months frommanufacture date.",
Croutettes  Kellogg,,,,,,,
"Citrus products (guava,kiwi-strawberry) OceanSpray",Citrus products (guava
kiwi-strawberry) Ocea,
Spra,
Coffee (starbucks) Kraft,Coffee (starbucks) Kraft
"Coffee Creamer(liquid/non-dairy",Coffee Creamer
(liquid/non-dair,
"Coffee Kraft brands   (seeremarks)",Coffee Kraft brands   (see
remarks),
Cooking oil,Cooking oi
Cooking oil- spray,Cooking oil- spra
"Corn Flake Crumbs &Croutettes  Kellogg",Corn Flake Crumbs
Croutettes  Kellogg,
"Corned beef (with picklingjuices) (frozen)",Corned beef (with picklin
juices) (frozen),
Cornmeal,Cornmea
Cornstarch,Cornstarc
"Corn-whole kernel(canned)",Corn-whole kerne
(canned),
Country Time Kraft,Country Time Kraft
"Crackers (Handi Snack,Snack Box)",Crackers (Handi Snack
Snack Box),
"Cranberry and othersauces Ocean Spray",Cranberry and othe
sauces Ocean Spra,
"Cream Cheese, NaturalCheese (Chunks/bars)Churney Cheese, Kraft","Cream Cheese, Natura"
Cheese (Chunks/bars),
"Churney Cheese, Kraft",
"Cream of Wheat, Creamof Rice Kraft","Cream of Wheat, Cream"
of Rice Kraft,
Dijonnaise Hellmann's,Dijonnaise Hellmann'
Product,Product,Product Type,"Extensionperiod",Vendor,"EffectiveDate",Remarks,
"Corned beef (with picklingjuices) (frozen)",Corned beef (with picklin,Meats,indefinitely,N/A,12/23/03,Until product appears bad,
"",juices) (frozen),,,,,,
Cornmeal,Cornmea,"BakingIngredients",12 months,N/A,12/23/03,,
"",Cornmea,,Breads & Cereal,12 months,N/A,6/1/97,
Cornstarch,Cornstarc,"BakingIngredients",18 months,N/A,12/23/03,,
"Corn-whole kernel(canned)",Corn-whole kerne,Vegetables,36 months,N/A,6/1/97,,
"",(canned),,,,,,
Country Time Kraft,Country Time Kraft,Beverages,"18 days (drymix) 60 days(bottles orpouches)",Kraft,3/1/03,Kraft products only,
"",Cracker Jack,,Snacks,90 days,N/A,4/25/05,Website info
"",Crackers,,snacks,8 months,N/A,12/23/03,
"Crackers (Handi Snack,Snack Box)",Crackers (Handi Snack,Snacks,60 days,Kraft,3/1/03,Kraft products only,
"",Snack Box),,,,,,
"",Crackers Keebler,,Snacks,4 months,Keebler,3/7/03,Keebler only
"",Craisin,,snacks,120 days,Ocean Spray,3/1/03,Ocean Spray only
"Cranberry and othersauces Ocean Spray",Cranberry and othe,Sides,90 days,Ocean Spray,3/1/03,Ocean Spray only,
"",sauces Ocean Spra,,,,,,
"",Crayfish (frozen),,Seafood,6 months,N/A,12/23/03,
"Cream Cheese, NaturalCheese (Chunks/bars)Churney Cheese, Kraft","Cream Cheese, Natura",Dairy,30 days,Kraft,3/1/03,Kraft Cheese products only,
"",Cheese (Chunks/bars),,,,,,
"","Churney Cheese, Kraft",,,,,,
"Cream of Wheat, Creamof Rice Kraft","Cream of Wheat, Cream",Breads & Cereal,60 days,Kraft,3/1/03,Kraft products only,
"",of Rice Kraft,,,,,,
"",Dates (frozen),,Fruit,12 months,N/A,6/1/97,
Dijonnaise Hellmann's,Dijonnaise Hellmann',Condiments,12 months,"UnileverBestfoods",1/19/06,"Hellmann's only, 3 monthextension - NetworkConnection - Volume 2,Issue 3",
"",Dream Whip (Kraft),,Desserts,60 days,Kraft,3/1/03,Kraft products only
"Dressings (Taste of Life,Seven Seas, GoodSeasons) Kraft",Dressings (Taste of Life,Condiments,60 days,Kraft,3/1/03,Kraft products only,
"Seven Seas, Good",,,,,,,
Seasons) Kraft,,,,,,,
"Dry packaged desserts(Jell-o, No bake) Kraft",Dry packaged desserts,Desserts,60 days,Kraft,3/1/03,Kraft products only,
"(Jell-o, No bake) Kraft",,,,,,,
"Dry soups/bullion/dipsKnorr only",Dry soups/bullion/dip,Soups,12 months,"UnileverBestfoods",1/19/06,"Knorr's only, 6 monthextension - NetworkConnection - Volume 2,Issue 3",
Knorr onl,,,,,,,
"Dressings (Taste of Life,Seven Seas, GoodSeasons) Kraft",Dressings (Taste of Life
"Seven Seas, Good",
Seasons) Kraft,
"Dry packaged desserts(Jell-o, No bake) Kraft",Dry packaged desserts
"(Jell-o, No bake) Kraft",
"Dry soups/bullion/dipsKnorr only",Dry soups/bullion/dip
Knorr onl,
Product,Product Type Extension,Vendor,Effective,Remarks
"",period,,Date,
Duck- whole (frozen),Meats 6 months,N/A,12/23/03,Until product appears bad
Egg beaters,Dairy 0 days,Nabisco,4/13/04,Nabisco only
(Fleischmann's,,,,
Egg mix (dried),Dairy 15 months,N/A,6/1/97,
Egg substitues (frozen),Dairy 12 months,N/A,12/23/03,
Eggo waffles &,Breads & Cereal 15 months,Kellogg's,3/7/03,Goo for 15 months from
pancakes,,,,manfacuture date.
Figs-dried,Fruit 18 months,N/A,6/1/97,
Fish (canned),Meats 2-5 years,N/A,12/23/03,
Fish nuggets (frozen),Meats indefinitely,N/A,6/1/97,Until product appears bad
Fish-breaded (frozen),Seafood indefinitely,N/A,12/23/03,Until product appears bad
Fish-raw (frozen),Seafood indefinitely,N/A,12/23/03,Until product appears bad
Flour - All types,Breads & Cereal 12 months,N/A,6/1/97,
Flour- Wheat,Baking 1 month,N/A,12/23/03,6-8 months in refrigerator
"",Ingredients,,,
Flour- White,Baking 12 months,N/A,12/23/03,
"",Ingredients,,,
Frosting- canned,Baking 10 months,N/A,12/23/03,
"",Ingredients,,,
Frosting mixes,Baking 12 months,N/A,12/23/03,
"",Ingredients,,,
Frozen toppings Kraft,Dairy 60 days,Kraft,3/1/03,Kraft products only
Fruit Snacks,Snacks 6 months,N/A,4/21/05,Fresh to 8 weeks past sell by
"",,,,"date, good to at least 6"
"",,,,months.
Fruits - canned,Fruit 18 months,N/A,12/23/03,
Fruits- dried,Fruit 6 months,N/A,12/23/03,
"Fruits-berries, melons",Fruit 6 months,N/A,12/23/03,
(frozen),,,,
"Garlic, chopped (jars)",Baking 18 months,N/A,12/23/03,
"",Ingredients,,,
Gatorade,Beverages 9 months,N/A,5/17/05,Website info
"Gelatin, flavored",Desserts 18 months,N/A,12/23/03,
"Gelatin, unflavored",Desserts 3 years,N/A,12/23/03,
Giblets (frozen),Meats indefinitely,N/A,12/23/03,Until product appears bad
Goose- whole (frozen),Meats indefinitely,N/A,12/23/03,Until product appears bad
Grape Juices (canned),Beverages 12 months,N/A,6/1/97,
Grapefruit Juice (canned),Beverages 24 months,N/A,6/1/97,
Product,Product Type Extension Vendor,,Effective,Remarks
"",period,,Date,
Gravy- dry mixes,Baking 2 years N/A,,12/23/03,
"",Ingredients,,,
Green Beans (canned),Vegetables 24 months N/A,,6/1/97,
Grits-Corn,Breads & Cereal 12 months N/A,,6/1/97,
Ground meat  (frozen),Meats indefinitely N/A,,12/23/03,Until product appears bad
Guacamole,Condiments 4 months N/A,,12/23/03,
Gummy Bears,Snacks 6 months N/A,,4/21/05,Fresh to 8 weeks past sell by
"",,,,"date, good to at least 6"
"",,,,months.
Ham-- Honey-Baked John,Meat N/A John Morrell,,3/1/03,For on-site feeding only (John
Morrell,,,,Morrell hams only)
"Ham, whole cooked",Meats indefinitely N/A,,12/23/03,Until product appears bad
(Frozen),,,,
Ham-boneless (frozen),Meats indefinitely N/A,,6/1/97,Until product appears bad
Ham-canned,Meats 9 months N/A,,12/23/03,
(refrigerated),,,,
Herbs- dried,Baking 2 years N/A,,12/23/03,
"",Ingredients,,,
Horseradish & Chutney,Condiments 12 months N/A,,12/23/03,
sauces,,,,
"Hot Chocolate, Cappucino",Beverages 60 days Kraft,,3/1/03,Kraft products only
Kraft,,,,
"Hot Dogs (Oscar Meyer,",Meats 60 days Kraft,,3/1/03,Kraft products only
Louis Rich),,,,
Hot Dogs (sealed in,Meats indefinitely N/A,,12/23/03,Until product appears bad
package) (Frozen),,,,
Ice cream,Desserts 4 months N/A,,12/23/03,
Ice cream cones Keebler,snacks 4 months Keebler,,3/7/03,Keebler only
Ice Cream Cones Keebler,Snacks 4 months Keebler,,3/7/03,Keebler only
Infant Formula,Baby food 0 days Nestle's,,3/1/03,"Good Start, Follow-up and"
"",,,,Carnation Alsoy brands
Jello (ready to eat),Desserts 30 days Kraft,,3/1/03,Kraft products only
Jelly & Jams,Condiments 12 months N/A,,12/23/03,
Juice- Knudsen Sparkling,Beverages 2 yrs,,,2 yrs from manufacture
Juices - canned,Beverages 18 months N/A,,12/23/03,
Juicy Juice (cans),Beverages 12 months Nestle's,,3/1/03,
Juicy Juice (little boxes),Beverages 3 months Nestle's,,3/16/03,Offer # N160056 of 3/15/05
"",,,,showed 6 months ext
JuicyJuice (bottles),Beverages 6 months Nestle's,,5/24/04,
Ketchup,Condiments 18 months N/A,,6/1/97,
Product Product Type Extension,,Vendor,Effective,Remarks
"",period,,Date,
Kraft Meals,Entrees 60 days,Kraft,3/1/03,Kraft products only
(Lunchbreaks),,,,
Lamb  (frozen),Meats indefinitely,N/A,12/23/03,Until product appears bad
Lemon Juice (frozen,Beverages 18 months,N/A,6/1/97,
concentrate),,,,
"Lentils, dried",Legumes 12 months,N/A,12/23/03,
Liquid Marinade and Stir,Baking 1 year,Unilever,1/19/06,"Lawry's only, 3 month"
"Fry, Lawry",Ingredients,Bestfoods,,extension - Network
"",,,,"Connection - Volume 2,"
"",,,,Issue 3
"Liver, tongue, chitterlings",Meats indefinitely,N/A,12/23/03,Until product appears bad
(Variety meats)  (frozen),,,,
Lobster tails,Seafood 3 months,N/A,12/23/03,
Lunch Meats (sealed in,Meats indefinitely,N/A,12/23/03,Until product appears bad
package) (Frozen),,,,
Lunchables (Oscar Mayer),Meats 60 days,Kraft,3/1/03,Lunchables containing can
"",,,,drinks cannot be frozen
Luncheon meat (canned),Meats 36 months,N/A,6/1/97,
M&M and Mars,Candy 4 weeks,M&M and,3/1/03,M&M and Mars only
"",,Mars,,
Mac n' cheese & Liquid,Entrees 60 days,Kraft,3/1/03,Kraft products only
Dinners Kraft Dinners,,,,
Macaroni/Spaghetti,Breads & Cereal 36 months,N/A,6/1/97,
Margarine,Dairy 5 months,N/A,12/23/03,12 months frozen
Marshmallows,Desserts 4 months,N/A,12/23/03,
"Mayo, Miracle Whip,",Condiments 60 days,Kraft,3/1/03,Kraft products only
Sauceworks Kraft,,,,
Mayonnaise,Condiments 3 months,N/A,12/23/03,
Mayonnaise Hellmann's,Condiments 3 months,Unilever,1/19/06,"Hellmann's only, 3 month"
"",,Bestfoods,,extension - Network
"",,,,"Connection - Volume 2,"
"",,,,Issue 3
Meat (canned),Meats 2-5 years,N/A,12/23/03,
Meats (sandwich & deli,Meats 60 days,Kraft,3/1/03,Kraft products only
"type) Oscar Meyer, Louis",,,,
Rich,,,,
Milk half & half,Dairy 0 days,Land,3/1/03,Land O'Lakes only
"",,O'Lakes,,
"Milk, canned evaporated",Dairy 12 months,N/A,12/23/03,
Minute Rice (Kraft),Sides 60 days,Kraft,3/1/03,Kraft products only
Minute Rice Kraft,Desserts 60 days,Kraft,3/1/03,Kraft products only
Product,Product,Product Type,"Extensionperiod",Vendor,"EffectiveDate",Remarks,
Molasses,Molasse,"BakingIngredients",12 months,N/A,12/23/03,,
"","Mushrooms, drie",,Vegetables,6 months,N/A,12/23/03,
"",Mustard,,Condiments,12 months,N/A,12/23/03,
"","Nuts, jars or can",,snacks,12 months,N/A,12/23/03,
"",Oats Rolle,,Breads & Cereal,12 months,N/A,6/1/97,
Olive Oil Bertelli,Olive Oil Bertell,"BakingIngredients",60 days,"UnileverBestfoods",1/19/06,"Bertelli Olive Oil only, noextention - NetworkConnection - Volume 2,Issue 3",
"","Olives, black & gree",,Condiments,18 months,N/A,12/23/03,
"",Orange Juice (canned,,Beverages,24 months,N/A,6/1/97,
"",Oysters (frozen),,Seafood,6 months,N/A,12/23/03,
"",Pancakes/waffles (frozen),,Entrees,2 months,N/A,12/23/03,
Pasta & Sauce (DiGiorno),Pasta & Sauce (DiGiorno),Entrees,60 days,Kraft,3/1/03,"Kraft must be frozen to apply60 day extension",
"",Pasta (canned),,Vegetables,5 years,N/A,12/23/03,
"",Pasta- dry packaged,,Entrees,2 years,N/A,12/23/03,
"",Pasta Salads  Kraft,,Entrees,60 days,Kraft,3/1/03,Kraft products only
"Pasta Sauce Bertelli &Ragu",Pasta Sauce Bertelli &,Sauces,60 days,"UnileverBestfoods",1/19/06,"Ragu and Bertelli PastaSauces only, extension 60days past the printed useby date - NetworkConnection - Volume 2,Issue 3",
"",Rag,,,,,,
"",Peaches (canned),,Fruit,24 months,N/A,6/1/97,
"",Peanut Butter,,Condiments,18 months,N/A,6/1/97,
"Peanut Butter Skippy, inplastic containers","Peanut Butter Skippy, i",Condiments,18 months,"UnileverBestfoods",1/19/06,"Skippy only, 5 monthextension - NetworkConnection - Volume 2,Issue 3",
"",plastic container,,,,,,
Peanut Butter Stix Skippy,Peanut Butter Stix Skipp,Condiments,18 months,"UnileverBestfoods",1/19/06,"Skippy only, 3 monthextension - NetworkConnection - Volume 2,Issue 3",
"",Peanuts (shelled),,Legumes,24 months,N/A,6/1/97,
"",Pears (canned),,Fruit,18 months,N/A,6/1/97,
Peas (canned),Peas (canned),Legumes,36 months,N/A,6/1/97,,
"",Peas (canned),,Vegetables,5 years,N/A,12/23/03,
"",Peas (frozen),,Legumes,indefinitely,N/A,6/1/97,Until product appears bad
"",Peas-Blackeyed (canned),,Legumes,36 months,N/A,6/1/97,
"",Peas-canned & split dr,,Legumes,12 months,N/A,6/1/97,
"",Phillie snack bar,,Dairy,30 days,Kraft,3/1/03,Kraft products only
Molasses,Molasse
Olive Oil Bertelli,Olive Oil Bertell
Pasta & Sauce (DiGiorno),Pasta & Sauce (DiGiorno)
"Pasta Sauce Bertelli &Ragu",Pasta Sauce Bertelli &
Rag,
"Peanut Butter Skippy, inplastic containers","Peanut Butter Skippy, i"
plastic container,
Peanut Butter Stix Skippy,Peanut Butter Stix Skipp
Peas (canned),Peas (canned)
Product,Product,Product Type,"Extensionperiod",Vendor,"EffectiveDate",Remarks,
"",Pickles (Claussen),,Condiments,30 days,Kraft,3/1/03,Kraft products only
"Pickles, Sauerbraut-canned","Pickles, Sauerbraut-",Condiments,18 months,N/A,12/23/03,,
"",canned,,,,,,
"",Pie Crust Keebler,,Snacks,4 months,Keebler,3/7/03,Keebler only
"Pie crusts & conesKeebler",Pie crusts & cone,Snacks,4 months,Keebler,3/7/03,Keebler only,
"",Keebler,,,,,,
"",Pineapple (canned),,Fruit,24 months,N/A,6/1/97,
"",Pineapple Juice (canned,,Beverages,24 months,N/A,6/1/97,
"Pizza (Tombstone,DiGiorno, Jack's &California Kitchen",Pizza (Tombstone,Pizza,"30 days(labeled 90daysunlabeled)",Kraft,3/1/03,Kraft products only,
"","DiGiorno, Jack's",,,,,,
"",California Kitche,,,,,,
"",Plums (canned),,Fruit,18 months,N/A,6/1/97,
"",Popcorn (dry in jar),,snacks,2 years,N/A,12/23/03,
"",Popcorn (microwave),,snacks,12 months,N/A,12/23/03,
"",Pork  (frozen),,Meats,indefinitely,N/A,12/23/03,Until product appears bad
"",Pork (canned),,Meats,36 months,N/A,6/1/97,
"",Potato chip,,snacks,2 months,N/A,12/23/03,
"",Potatoes (canned),,Vegetables,5 years,N/A,12/23/03,
"",Potatoes (dehydrated,,Vegetables,12 months,N/A,6/1/97,
"",can),,,,,,
"Potatoes (dehydratedpackage)",Potatoes (dehydrated,Vegetables,6 months,N/A,6/1/97,,
"",package),,,,,,
"",Potatoes (frozen),,Vegetables,indefinitely,N/A,6/1/97,Until product appears bad
"","Potatoes, instant",,Vegetables,12 months,N/A,12/23/03,
"",Poultry- cooked (frozen),,Meats,indefinitely,N/A,12/23/03,Until product appears bad
YooHoo drinks,YooHoo drink,Beverages,see comments,,,"Product doesn't come with sell-by date because yoo-hoowebsite states that productdoes not go bad (airtightcontainers).",
"",Prunes (dried),,Fruit,9 months,N/A,6/1/97,
"",Pudding (Kraft),,Desserts,60 days,Kraft,3/1/03,Kraft products only
"",Pudding mixe,,Desserts,12 months,N/A,12/23/03,
"Pudding/Gelatin (HandiSnack Desserts) Kraft",Pudding/Gelatin (Hand,Desserts,60 days,Kraft,3/1/03,Kraft products only,
"",Snack Desserts) Kraft,,,,,,
"",Raisin,,Fruit,9 months,N/A,6/1/97,
"",Refried Beans (Kraft),,Sides,120 days,Kraft,3/1/03,Kraft products only
"Refrigerated Drinks-Assorted  (glass) OceanSpray",Refrigerated Drinks,Beverages,90 days,Ocean Spray,3/1/03,Ocean Spray only,
Assorted  (glass) Ocea,,,,,,,
Spra,,,,,,,
"Pickles, Sauerbraut-canned","Pickles, Sauerbraut-"
canned,
"Pie crusts & conesKeebler",Pie crusts & cone
Keebler,
"Pizza (Tombstone,DiGiorno, Jack's &California Kitchen",Pizza (Tombstone
"DiGiorno, Jack's",
California Kitche,
"Potatoes (dehydratedpackage)",Potatoes (dehydrated
package),
YooHoo drinks,YooHoo drink
"Pudding/Gelatin (HandiSnack Desserts) Kraft",Pudding/Gelatin (Hand
Snack Desserts) Kraft,
"Refrigerated Drinks-Assorted  (glass) OceanSpray",Refrigerated Drinks
Assorted  (glass) Ocea,
Spra,
Product,Product Type Extension Vendor,,Effective,Remarks
"",period,,Date,
Refrigerated Drinks-,Beverages 30 days Ocean Spray,,3/1/03,Ocean Spray only
Citrus  (plastic bottles),,,,
Ocean Spray,,,,
Refrigerated juices,Beverages 7 days Tropicana,,3/16/04,Tropicana only
(Tropicana),,,,
Refrigerated Non-citrus,Beverages 60 days Ocean Spray,,3/1/03,Ocean Spray only
drinks- Assorted  (plastic,,,,
& can) Ocean Spray,,,,
"Rice, brown",Sides 1 year N/A,,12/23/03,
"Rice, flavored or herb",Sides 6 months N/A,,12/23/03,
"Rice, white or wild",Sides 2 years N/A,,12/23/03,
Rotisserie chicken,Meats 4 months N/A,,12/23/03,`
(frozen),,,,
Salad dressings (bottled),Condiments 12 months N/A,,12/23/03,
Salad dressings (bottled),Condiments 12 months Unilever,,1/19/06,"Wish-Bone only,  - Network"
Wish-Bone,Bestfoods,,,"Connection - Volume 2,"
"",,,,Issue 3
Salmon Pink (canned),Meats 36 months N/A,,6/1/97,
Salsa,Condiments 24 months N/A,,6/1/97,
"Salsa, picante, taco",Condiments 12 months N/A,,12/23/03,
sauces,,,,
"Sauces (Bull's Eye, BBQ)",Condiments 60 days Kraft,,3/1/03,Kraft products only
Kraft,,,,
Sauces (cream with milk),Baking 1 year N/A,,12/23/03,
"",Ingredients,,,
"Sauces, Hellmann's",Sauces 12 months Unilever,,1/19/06,"Hellmann's only, 3 month"
"",Bestfoods,,,extension - Network
"",,,,"Connection - Volume 2,"
"",,,,Issue 3
Sausage- patties &,Meats indefinitely N/A,,12/23/03,Until product appears bad
smoked links (frozen,,,,
Sausage- raw (frozen),Meats indefinitely N/A,,12/23/03,Until product appears bad
Sausages (frozen,Meats indefinitely N/A,,12/23/03,Until product appears bad
Scallops (frozen),Seafood indefinitely N/A,,12/23/03,Until product appears bad
"Seasonings, dry Adolph's",Baking 2 years Unilever,,1/19/06,"Adolph's only, 6 month"
"",Ingredients Bestfoods,,,extension - Network
"",,,,"Connection - Volume 2,"
"",,,,Issue 3
"Seasonings, liquid",Baking 1 year Unilever,,1/19/06,"Adolph's only, 3 month"
Adolph's,Ingredients Bestfoods,,,extension - Network
"",,,,"Connection - Volume 2,"
"",,,,Issue 3
Product Product Type Extension,,Vendor,Effective,Remarks
"",period,,Date,
Shortening,Baking 8 months,N/A,12/23/03,
"",Ingredients,,,
Shrimp,Seafood 12 months,N/A,12/23/03,
Side dishes/deli salads,Sides 60 days,Unilever,1/19/06,"Country Crock only, no"
Country Crock,,Bestfoods,,extension - Network
"",,,,"Connection - Volume 2,"
"",,,,Issue 3
Slim-Fast - all,various various,Unilever,1/19/06,"Slim-Fast, 2 month"
products,,Bestfoods,,extension on all products -
"",,,,Network Connection -
"",,,,"Volume 2, Issue 3"
Snack Bars Skippy,Snacks 6 months,Unilever,1/19/06,"Skippy only, 2 month"
"",,Bestfoods,,extension - Network
"",,,,"Connection - Volume 2,"
"",,,,Issue 3
Soda- carbonated canned,Beverages 9 months,N/A,12/23/03,
Soup - aseptic-pack,Soups 12 months,Unilever,1/19/06,"Knorr's only, 6 month"
Knorr,,Bestfoods,,extension - Network
"",,,,"Connection - Volume 2,"
"",,,,Issue 3
Soup mixes,Soups 12 months,N/A,12/23/03,
Soups (canned),Soups 5 years,N/A,12/23/03,
Soups (Del Monte private,Soups 12 months*,Del Monte,4/14/04,*Good for 3 yrs from
label soups),,,,manufacturer date (whichever
"",,,,is longer)
Soups and Liquid broths,Soups 5 years,Unilever,1/19/06,"Knorr's only, 3 month"
Knorr only,,Bestfoods,,extension - Network
"",,,,"Connection - Volume 2,"
"",,,,Issue 3
Soups dry mix  Lipton,Soups 12 months,Unilever,1/19/06,"Lipton only, 6 month"
"",,Bestfoods,,extension - Network
"",,,,"Connection - Volume 2,"
"",,,,Issue 3
Soy milk,Dairy 12 months,,7/29/05,
Spaghetti sauce mix,Sauces 2 years,N/A,12/23/03,
Spices,Baking 3 years,N/A,12/23/03,
"",Ingredients,,,
"Spices red pepper, chili",Baking 2 years,N/A,12/23/03,
powder,Ingredients,,,
Spinach (canned),Vegetables 5 years,N/A,12/23/03,
Product,Product,Product Type,"Extensionperiod",Vendor,"EffectiveDate",Remarks,
"Spreads, RefrigeratedPromise","Spreads, Refrigerated",Dairy,60 days,"UnileverBestfoods",1/19/06,"Promise only, 2 monthextension  - NetworkConnection - Volume 2,Issue 3",
"",Promise,,,,,,
Sqeeze-It Skippy,Sqeeze-It Skipp,Condiments,18 months,"UnileverBestfoods",1/19/06,"Skippy only, 2 monthextension - NetworkConnection - Volume 2,Issue 3",
"",Steaks & Roasts  (frozen),,Meats,12 months,N/A,12/23/03,
"",Stew (canned),,Meats,2-5 years,N/A,12/23/03,
"",Stove Top Classic,,Entrees,60 days,Kraft,3/1/03,Kraft products only
"",Stove Top Stuffing,,Sides,60 days,Kraft,3/1/03,Kraft products only
Sugar substitutes,Sugar substitute,"BakingIngredients",2 years,N/A,12/23/03,,
"Sugar, brown","Sugar, brow","BakingIngredients",4 months,N/A,12/23/03,,
"Sugar, granulated","Sugar, granulate","BakingIngredients",2 years,N/A,12/23/03,,
"",Sure Jel,,Desserts,60 days,Kraft,3/1/03,Kraft products only
"",Sweet potatoes (canned),,Vegetables,24 months,N/A,6/1/97,
"",Syrup- Maple,,Condiments,12 months,N/A,12/23/03,
"Taco Bell Kits, shells,tortillas Kraft","Taco Bell Kits, shells",Entrees,60 days,Kraft,3/1/03,Kraft products only,
"",tortillas Kraft,,,,,,
"",Taco Bell red sauces,,"BakingIngredients",120 days,Kraft,3/1/03,Kraft products only
"",salsa con queso,,,,,,
"",seasonings Kraft,,,,,,
Taco sauce mix,Taco sauce mi,"BakingIngredients",2 years,N/A,12/23/03,,
"Tang drink & HealthQuenchers   Kraft",Tang drink & Healt,Beverages,"18 days (drymix) 60 days(bottles orpouches)",Kraft,3/1/03,Kraft products only,
"",Quenchers   Kraft,,,,,,
"",Tapioca (Kraft),,Desserts,60 days,Kraft,3/1/03,Kraft products only
"",Tea Instant,,Beverages,3 years,N/A,12/23/03,
Tea Instant mixes Lipton,Tea Instant mixes Lipto,Beverages,3 years,"UnileverBestfoods",1/19/06,"Lipton only, 6 monthextension - NetworkConnection - Volume 2,Issue 3",
"Toaster pastries (fruitfilled)",Toaster pastries (fruit,Desserts,6 months,N/A,12/23/03,,
"",filled),,,,,,
"",Tomato paste,,Vegetables,24 months,N/A,6/1/97,
"Spreads, RefrigeratedPromise","Spreads, Refrigerated"
Promise,
Sqeeze-It Skippy,Sqeeze-It Skipp
Sugar substitutes,Sugar substitute
"Sugar, brown","Sugar, brow"
"Sugar, granulated","Sugar, granulate"
"Taco Bell Kits, shells,tortillas Kraft","Taco Bell Kits, shells"
tortillas Kraft,
Taco sauce mix,Taco sauce mi
"Tang drink & HealthQuenchers   Kraft",Tang drink & Healt
Quenchers   Kraft,
Tea Instant mixes Lipton,Tea Instant mixes Lipto
"Toaster pastries (fruitfilled)",Toaster pastries (fruit
filled),
Product,Product Type Extension Vendor,,Effective,Remarks
"",period,,Date,
Tomatoes (canned),Vegetables 24 months N/A,,6/1/97,
Turkey ground (frozen),Meats indefinitely N/A,,6/1/97,
Turkey Roasts (frozen),Meats indefinitely N/A,,6/1/97,Until product appears bad
Turkey Whole (frozen),Meats indefinitely N/A,,6/1/97,Until product appears bad
Turkey-parts (frozen),Meats indefinitely N/A,,12/23/03,Until product appears bad
TV dinners,Entrees 3 months N/A,,12/23/03,Until product appears bad
"Vanilla, lemon, all extracts",Baking 3 years N/A,,12/23/03,
"",Ingredients,,,
Wheat Quick Rolled,Breads & Cereal 12 months N/A,,6/1/97,
Whipped topping,Desserts 6 months N/A,,12/23/03,
Worcestershire sauce,Condiments 1 year N/A,,12/23/03,
Yogurt & Yoplait General,Dairy None General Mills,,4/13/04,Do not freeze
Mills,,,,
"Yogurt, Sour Cream,",Dairy 15 days Kraft,,3/1/03,"Kraft (Breyers, Cool-Whip,"
"Cottage Cheese, Dips-",,,,"Jello, Knudsen, Light n' Lively,"
Sour cream based Kraft,,,,Breakstone)
